{"sample": {"shape": [2, 128, 256], "sample_index": 0, "token_index": 0, "token_id": 20688, "vector_len": 256, "vector": [-0.1478949934244156, 1.0588840246200562, 0.4175499975681305, 1.0064350366592407, -0.05492100119590759, 0.08076100051403046, -0.07662799954414368, 0.0991320013999939, 1.1559189558029175, -1.3746110200881958, -2.039997100830078, 0.49559301137924194, -0.4836350083351135, 1.5909479856491089, -0.5733019709587097, 0.6271529793739319, -0.5958939790725708, 0.004724999889731407, -2.441685914993286, -0.19758999347686768, -1.865067958831787, -0.7419360280036926, 0.312049001455307, 1.8639520406723022, 0.28654399514198303, -0.1219479963183403, -0.10044699907302856, -0.7205100059509277, 0.7596849799156189, 0.9587799906730652, -0.49833500385284424, -0.5460799932479858, 0.7433590292930603, 0.022317999973893166, -1.1643010377883911, -1.6990629434585571, -0.17941899597644806, -0.5156400203704834, 0.664929986000061, -0.5372059941291809, 1.8455140590667725, 2.350627899169922, -0.6777600049972534, -0.48487600684165955, -0.23514899611473083, 0.22707399725914001, 1.6633340120315552, -0.7831050157546997, 0.28534799814224243, -0.9950000047683716, -0.45380899310112, 0.6478350162506104, 0.31755998730659485, 0.26256999373435974, -1.2509210109710693, 2.310070037841797, -1.2289639711380005, -0.654312014579773, -1.6761480569839478, 0.48968398571014404, -0.7615079879760742, -0.07697500288486481, -0.021316999569535255, 0.31804201006889343, -0.43045198917388916, -0.9162589907646179, 1.122691035270691, -1.2248899936676025, 1.057440996170044, -0.6856520175933838, 0.23640400171279907, -0.21011799573898315, 0.6230639815330505, -0.05802600085735321, -0.9980419874191284, -0.6159150004386902, -1.8823460340499878, -0.7398210167884827, -1.907423973083496, 0.4379720091819763, -0.4082750082015991, 0.05622899904847145, 0.13155600428581238, -1.2408839464187622, -2.124511957168579, 0.13298100233078003, -1.025212049484253, -1.6620889902114868, 1.018617033958435, 0.8103539943695068, -0.6608409881591797, 0.7905250191688538, -1.122696042060852, -1.7257080078125, 1.692674994468689, 1.2780300378799438, 1.5678499937057495, 0.6885870099067688, -1.526608943939209, 1.502426028251648, -0.9293839931488037, 0.9834349751472473, -0.12467300146818161, -0.3617669939994812, 0.4622589945793152, 0.2644599974155426, 1.1512999534606934, 1.003985047340393, 0.2884159982204437, 1.067088007926941, 1.56952702999115, -0.7664999961853027, 1.534229040145874, -0.951445996761322, 0.21809400618076324, -0.35759299993515015, -1.8823349475860596, -0.5289959907531738, -0.43339601159095764, 0.4839330017566681, 1.3668359518051147, 0.06308799982070923, -1.1321460008621216, -1.6493370532989502, -0.5983020067214966, 0.9998040199279785, 0.14903700351715088, -0.7798810005187988, 1.959697961807251, 0.16225799918174744, 0.6644570231437683, -1.115610957145691, -0.10067199915647507, -1.3361550569534302, 1.0258170366287231, 0.048301998525857925, -0.1810470074415207, 0.030921999365091324, 0.06638400256633759, -1.0049070119857788, 0.3296540081501007, -1.7572530508041382, -0.258899986743927, -1.2076630592346191, -1.103958010673523, -0.21023400127887726, -0.07373899966478348, -0.16470099985599518, -1.3262020349502563, 0.3762179911136627, -0.9868119955062866, -0.4137420058250427, -2.6584720611572266, -0.8661220073699951, -0.4058310091495514, -0.14122100174427032, 0.3641209900379181, 0.5253810286521912, -0.26904600858688354, -0.35042598843574524, 2.1708059310913086, 0.12758900225162506, -0.18205499649047852, 2.1228809356689453, 1.2075920104980469, -1.534440040588379, 1.7483559846878052, 1.504580020904541, -0.11538100242614746, -0.35892900824546814, -0.669314980506897, 1.2601120471954346, 0.21038100123405457, -1.9795010089874268, 0.566847026348114, 0.23670700192451477, 0.9241949915885925, 1.0232540369033813, -0.2004929929971695, -0.02556000091135502, 0.6699410080909729, -0.4280959963798523, 1.4419599771499634, 1.5572580099105835, -0.9191359877586365, 0.8835179805755615, -0.4178279936313629, 0.31888601183891296, -1.5800349712371826, 1.1572740077972412, -0.41520801186561584, 0.8250929713249207, -0.9076499938964844, -0.2730810046195984, -1.0235379934310913, -0.27144500613212585, -2.3895719051361084, -0.6211130023002625, 1.2303370237350464, -0.6706699728965759, -0.82676100730896, -0.25359100103378296, 0.6627529859542847, -1.9376959800720215, -1.0806560516357422, -0.5174270272254944, -0.3430419862270355, -0.14749300479888916, -0.3716300129890442, -0.9775810241699219, 0.26658299565315247, -0.07159499824047089, 1.5381449460983276, -1.4379760026931763, 0.0031419999431818724, -1.0190509557724, 0.7703790068626404, 0.5675029754638672, 0.7801560163497925, -0.8863430023193359, 0.45982399582862854, -1.341568946838379, 0.1926800012588501, -2.0135319232940674, -0.689749002456665, -1.0935529470443726, 1.0067659616470337, 1.1130980253219604, -0.5867969989776611, 0.3707039952278137, 2.0702080726623535, -0.4846870005130768, -0.30389100313186646, -0.4359320104122162, -0.8627730011940002, -0.9065719842910767, -1.5291520357131958, 0.2877120077610016, 0.20448899269104004, 0.4433920085430145, 0.23791800439357758, 0.22772200405597687, 1.4991329908370972, -0.42504000663757324, -0.8020269870758057, 0.7020969986915588, 0.6979060173034668, -0.5421050190925598, -1.1259700059890747, 0.7819700241088867, -1.153432011604309, -0.42850199341773987, -1.0500359535217285, -0.7090240120887756, 0.250230997800827, 1.3374749422073364]}, "positioning": {"type": "rope", "rotary_dim": null}, "note": "Vector shows token embedding only; positional phase (RoPE) is applied to Q,K later in attention.", "formula": "E[i,t] = W_token[ids[i,t]]  (RoPE applied later in attention)"}